{"timestamps": {"pinterest": 1728505499.3138232, "paypal": 1729092799.1376154}, "data": {"pinterest": ["989d55d7a01c7e525d8cb2b37081c12c62be2e4c250903a88fbb3d4007fb9918", "26e44c75905aad6ecb3916c7ebebe68c0efa3c9e416837561258f6b12ea8ef0c", "515cc9063fa29b9cdcd37516148eb1a9dc06dc12ce0cdd2772685b9cf7f54813", "d0682cd23c9a308cc26ec3b668f80b0a2ff36d83e56a913e3f238407c84b7e28", "cedb995bae0d390f2ff2ae48317b4d02aad222d191a021f19e9d20860dede29a", "4704ea40eacb18d096ffe1089927f80e4e13aedc1ee6ea229b93c02e422749e8", "11bc17ad174a0df672aa0ca8290d39c9ee15a45794b21492a265253feb1fedc5", "538feb733cc99d27d363f30d6054ddd34759fdccd135032ad7e7dac3dcec6f22", "06be14fa225c492c5c34ae729d92940dbf7327324e37a522772d9bf5157c3400", "aa1d6c3691a4c309bfdf02a95da88d267d2a5a74c953b39a6b8b76a6bf9a7dfa", "97f0ffc71c50497714cb0d7c7dcd46e43308c2eb647f8ac39fbf5946d0bc3424", "2d58d7818d7b49f7b9935ed9659965335eb361e456edebd6e363aa281e300d62", "5c391c5e9d1606ea68737af2877049b48468087030cde31e403a3ba313caa8d4", "83fb25c25de316ad0793706227866a5447de7791213db9a7a3d8ff2b0feac0e6", "ce450cd64b8e954a982228c34f3996b0ea1b6504f76ad5843a46c53035f5aab2", "f514e2e7c41b8c201191ef05695e998c8e910f44f2beba4065366e6ce9d371e2", "d290100481527bf5ccd6ecb387053b457bda69e9b2f061d0f586f5aee7034672", "d3420a3f3e6745162a585d3665ca2dac2b5c4713c3ba7f117ef285c26701b9ad", "9081521b5e1a34dedb81471bf228734bc462c2703cb34b0060cdd9615b1bff96", "ab433976c041ce83787f04c03233d3f4abc0dc6f03b5f28515b93cb45386f01e", "9de6336482332a0dfc23cde82c7b7bf379e0a2b6ee484e3db07038c3cb2e5693", "329adbeb9753cee273b670acb8d33c6ab39c224cc41ee5a05b9d246c5dafa0bc", "b13badde78eece452c1e9229efefbe63399503631b8e952ea38434b1a644d1d3", "bce7a17fe85fbab2a5c7cf5369681ec9742e2c48388ec8198432f2715068c940", "247f61815527a8926f5be5f94ff6a42f0aabbf58f6fe187473484316bb703a8b", "4a7ca57416deafef1d38111e7670be42381958ccd9e55088447c0ebed1e782b3", "7ba3227e6691922e3da2dd0ac6c465ae575ac58549dc924f90aad15bcf9b5755", "b7be5a5d8462aa2da98106dde11145224daf366b1a6d86e9458cef6ce16b3865", "070ce5d31d59fe06bc6493d61ae6446dd782ce8c205186a7ef739af15d0654f2", "1af78a04c5403d9ed6b0320ae64e4862a47c1b2ac256dcaf5edb355d690e0d53", "b70646eafb377752bdfdff23f11af8c6b53b9d606d6963effd6c3f50a47a23f4", "6d83e72f58f5007022009c5367f8a942d37a9f768847e87757cb439cd23f30a9", "aa4c7baf7fda5bfdd781e458de8c21a6e2cbe50fac04b132c4f99ae0fac61e98", "c15408fbf5580b68754de3cd25d887dae726ef54692683251e6b73b0175e73fa", "d8b075097c6ec4faa1ed0e1c4fa645748905ac58fd5657cdb7adef7d76e138b6", "156c8e4e09e10a86921dbd7992b7898c1bf0510d68e015887d59778f9c2bc224", "870f08c237160d32366c7a5903636794be01ec5cd8bd852f3aa339a85c6b645e", "64aab659adb54ded80380eb6ad833ed45d83b4fc42ea2e95e86cd86b5d957f85", "7a1b118a64f1ac46c14f6e85b41f3429d578b1ed25a5bd3757201ed2b9e88316", "9d9ca64165f7c651db79b1ba50e51eff6d9ed9a06baabb6626cc8492d9f4681b", "c1b78e237202fc011d00f89bb6a0dc8d75583a7188c1119d44082da9357cdfdf", "536ebbfdff72cc3afbb291ef69df23fa4626993b3ce09399378b64a5a3dc5d2c", "47987c72f6b8317b1afa0d9deb5d2a75d44054f95b0de61d5d710aecb7fee922", "a9d153152e0d4e644817c8fe4d03e737ec9458fd808a5f62434e8c8ba5418955", "1fefb9217f6791db6f5386212d8c458db33c4981314513f5cd071f4af631f937", "7e68a6b8ced4492e11edbae5f6a86962460e88c49f0e26162ee64709d2d5a51e", "85686e87a9985583af6085ffca0e1004841b9a7b4db7e6fdb04c2e013c5a691f", "0059400e8c6fb86129ce5a6d056ec5187916a432adbebf0878c8e764b12ba29c", "c48def5f861ed4276fe5240d46908a46ac09456a07e43502e76b8083c3f48ba7", "1698417d18718453bf2c75e0d0895725268b9e83329f9a0885689dc65d6bd265", "d8138e09883adfb8f7d297f3075079fa0c8f1f46b1dedd5e54b6078ce0625600", "75f22c835e4aef3c255821ef3e08e8342ef3502f7f04d803259268b439ee9e40", "2c3de40155a8c7d301e74b21582ceaced1799efa92b6b52ca1391c0f3675ec36", "506604c8ef9befbddff2bfac48fd08e35292c35fd3a09fccbc101feb6af2eb4a", "7b2cd04ef1450da84c29cf2850b7b954fcca4306856033aad18292eb88f71034", "1d9fcfc0e45918bbd22ae05ec89f449456ae6695022bac5fa1694ec8ab6b902d", "8a10672ae537aff822795772a9cfae9d2e05c94a00c6ed3d274fbe33cca34c03", "4439f041579f3b93df7affabce151ab3e1a3bb5f762156bb89951dc21f074a13", "87cae57fa8d03ef5721743612938484b1d66ceec36db49037649b898daebeaaa", "381a0a35bdc266edd27757a45e7f7270316689338ddd0d1c467d6059a561e771", "ceb644bae13c8a8f715d6fa01f57037d99ad7b32890a0ccc45f5ec296f151da6", "a0543d1b73dcebd73f3d6ea9a6baaa603a04be248e431c3b0984a7fd43ffcf26", "bafd473ab2e5e13dcf78da7370da49eb7e4eb36744164b0738a8aab0a06650d1", "ab3ad77c42681628b23f0f83eb8728a419a359421be30be0eda6cb299d6a5672", "dde3927165e8b641130e5de815091d836b1e62ae9378c7418f3f17030cf88d87", "65ee25514b1347417bdb4cce745a946851b905d37c0c0eb205576648c5bec3dc", "ebe46fee58d70b55f8130371ae0f868726c3dfedfe1605464c2cad3743aac36f", "8225c0dac048f7394967aa353b4db2974ef478c1cc4e9d1de7f453a2dbaf3dd7", "a1b2b4d57eb119b15de9254a511c016000625283d5f362b6353fa82659f81dcd", "0c06abcd36a7032fe69669e01d9ec81263cd5cf5bbc82f6b93b8059d9fd75265", "bbe73e1bd3cf723c8745dbe43114193ff216b24c1c561ea4f0da8adc2211f6ee", "396ba992d5a252c0f32cf2b30c9966a643b586fb29219f8e5ae9eeef9d82f3d5", "c16ef515803a45d30d1d1c15615db8557f811482a1292f59b8599369e2356748", "fc71babc2bd4e7b3cd069e195f15607e6f8d3983c5542118b33494f8ce821ee4", "26a470bc63415c025ac45ed5993e6006e5ae649e6607dd1fbe92b515574e4677", "aa797ed74864cd24d3333d924f0a3897a669aa183e9c90ac3f35ca3bbd2d5cb9", "119f93cd777a4c591ac3e7c673e46980f16a52461fc9894cfdfa65c6df7b3cab", "d916a6927a24fe3042232be14ff592d8e0da6a629f49e603e11767816bb54b18", "fff0db4e4a73fe99de35ee26341e4a222e4ecd7251ac59c0f9a130560e790257", "b71b977e4e10b6e40a7a5ab7b76e1b1d8014ee7b4c7a29184ca46218d8f8a0fd", "f6a56b44276ba58bd8b37fa764688c2a648605b9206d740e05b91bfeb390dc97", "39fd0c9f78c98ad335aa6efe6f469a01673843e72eebee23d2006ba13a3aff9e", "bdc1c14b0135f4c9569faeb0140bb575d7c41f6faacdd6507fd31b12866693fb", "efc645c4f9ac9e0a618dec1aef503f94c01bb5065ef81146369399204317a242", "4f878c0b0b37ae0764e0fca3477a09bc11102178758ad5144ca46bc2bb0c2e5d", "01897219d04f7c5814fd5dfbd45d317a60a75af358fdd7c1ac142fb1a24ac358", "dd725d7138fbb48827c06f5c2f0133295aff87ac31b769d00161c889f0d2cbea", "d3a011fca81a9d63f37e7dc8fec9f1b0f4c76f75ab63db20ad9f2643ed65c292", "5587a6130f367b41ac6cdc2d796456f01f88d7736bf4aaf636ed23832a1b6d8e", "a03c4a16464c6f13bdf00400c6ada81eed6b702ed1c0f8f5b24e8c8c68b06e62", "4109ce9dde982faabcd2deb9cfd82bc7126aa76de7c3e4bccc5d04487c99594e", "b022b5126512ec93cc24e23fa69135c1160bbeeb0fa166651e8ddfd054a24529", "d9d1702b6fb1b53c85e001728eea8f6debed977c73d999c503a304da8f7c1477", "19f54a328bd79fdaa4943366f59a70b6ab7f4dce2c0ffd941e5db3630c954e1b", "a22422ea2dcf84a7c31922dde4350fb08e3a328561887d86f260ee141aa5d75b", "03c5166bc7e3eb4e76a025b23f4b0e50a9587f8a133a3d5240c72bfcf40a0c0e", "6bfee6efc0bee3621e086bf23ba2fba3e506903e8f63e0aa42f454ec28922658", "228f4d814e841d7aa2474c03ec24024c7c709e553c5d0922c632d63a427fc1ea", "6ecf53fbeea4d8907f5f2fb2f47eb39b42b63031d5f8004bd91553a32d9aac7c", "01881b3dc8c5c4f122f85cdb8855dbae1a4e28dfc1dec18c02533703e412ca1d", "cd41e44f4e8cd862e120aacd9bb3db506a523ff54260c0e7c78d69f8378d79d3", "232119d197cabaff9846b59bb7d8c2dda675da26c0167c4245ee56015fd8e76a", "83787d80df9163ae677a04600a4134a419f091df198933ceb6a075e6a907f093", "fa90647fb670784c1445736d1b0186ec444cf01d1eb63ff3057a150116e69024", "cea182a9da453eee247772f0ddbe53beb78fe1e0a4348f2feff833155707b97e", "d7c44907ba4a63230087294b6896249ab3dc6191454ff75f1a57b50c12114c67", "c5f98f2b5f230c99780c960469994b08747e80bcfd9eef7b75dd25702ed35d76", "de8a939e4975b1f3b40bc4eeda6128d6b525aae2c6328977d11c588b26dcb7be", "a1dbe945b1352fa5fbf040cbb364b8bdf316061cc9e1d41df0bd0b9e89f04d50", "c38cf5c3c337dd7ef704c479ac619a34cf5a7976dca742f19d3837191fa3985d", "3147807a5daa8ade47acb619c1ef952897fbe238303fbc5e526d607daaf77856", "0648992d8a5ac70c3a45e2fcf763ea4c5e303d0502889673ceca3ece41c4bc6e", "b708560f440e9744c907220243fcfb19c3143f3cbda64df0b83fd318d0293e12", "3165401d9eaaa6455b54e643a4c2c3399fdfabd5c10ea5bc6e584335507d1d8b", "853524812331b1d9297ebc21e4c9b0504fb40890f26c4041ea143ec52203d20e", "4664ff48fc827d5944b7f7541f78acdfea531c39b5ec9bcd7fefe83d48dc1b1d", 